imageUrl	title	price	totalScore	reviewsCount	state	city	phone	categoryName	description	placeId	location/lat	location/lng
https://lh5.googleusercontent.com/p/AF1QipOptNVHTsPl9R-6xX6TzlWpoLKfgMt_PpS_oJVO=w426-h240-k-no	Narmada Park		4.4	993	Nusa Tenggara Bar.	Kabupaten Lombok Barat		Taman Kota		ChIJA34khmy4zS0RFb2zry_Re1Y	-8.5952444	116.2045501
https://lh5.googleusercontent.com/p/AF1QipMSAjxeDQbCOhMhvDPE7Ahw56zbl6Xr-2k-nFOt=w408-h306-k-no	Taman Mayura		4.4	2236	Nusa Tenggara Bar.	Kota Mataram	+62 878-6328-6625	Wisata Sejarah & Budaya		ChIJ40YiulW_zS0RZYytn3sbwLo	-8.5868261	116.1330549
https://lh5.googleusercontent.com/p/AF1QipOXkDgLT3t4w3niivvBf4fAtwcsgB4J480z3ZRl=w408-h272-k-no	Narmada Botanic Garden		4.2	1368	Nusa Tenggara Bar.	Kabupaten Lombok Barat	+62 819-3300-0339	Taman Bunga		ChIJPzao2Wy4zS0R0wFYgYBFaLA	-8.5921289	116.2059179
https://lh5.googleusercontent.com/p/AF1QipN5jn-UNfkMvfAHtXO5gjsKIr2Kf5i0n8SRYeM=w408-h306-k-no	Benang Stokel and Benang Kelambu Waterfall		4.3	1286	Nusa Tenggara Bar.	Kabupaten Lombok Tengah	+62 819-4980-0700	Wisata Alam	Perlu tiket untuk melihat 2 air terjun yang mengalir di atas tebing yang tertutup pakis di area hutan.	ChIJ_____3vMzS0RpV-XoZGa9rw	-8.533019	116.3413827
https://lh5.googleusercontent.com/p/AF1QipO3v13xjq9QBDjRezn5iBXAtR6KGFhVr-ETYMlm=w408-h544-k-no	Bat Cave of Goa Bangkang Prabu_Kuta		4.3	468	Nusa Tenggara Bar.	Kabupaten Lombok Tengah	+62 819-9910-2008	Tujuan Wisata		ChIJJRN1XRiozS0RUGNX9NnWw5g	-8.8866277	116.2547365
https://lh5.googleusercontent.com/p/AF1QipM8j3OuKOt6xzFOZQWXtkPxVVCfSpgfllDv7j65=w408-h306-k-no	Air Terjun Sendang Gile		4.6	1656	Nusa Tenggara Bar.	Kabupaten Lombok Utara	+62 822-3634-3282	Wisata Alam	Situs menawan dengan 2 air terjun, diakses melalui jalan setapak yang dikelilingi hutan rimbun indah.	ChIJD87VUP_VzS0RM4YPd7ICqSE	-8.3062412	116.4083416
https://lh5.googleusercontent.com/p/AF1QipO2f0O26GGKuqZrkdzXDPjbUd5R_bv__zOVovbS=w408-h306-k-no	Tetebatu Monkey Forest		4.3	199	Nusa Tenggara Bar.	Kabupaten Lombok Timur	+62 819-0737-8703	Wisata Alam		ChIJ2zMce9PKzS0Rzjbo-IFmuDc	-8.5307716	116.4170685
https://lh5.googleusercontent.com/p/AF1QipPYpgD8grq7rk9rpDTBRDDm2Fv8FDk2JA5HZmEh=w408-h550-k-no	Sade Village		4.5	9422	Nusa Tenggara Bar.	Kabupaten Lombok Tengah	+62 819-1633-0353	Wisata Sejarah & Budaya	Desa tradisional Lombok yang terkenal dengan gubuk anyaman tinggi, pedagang tekstil & pertunjukan jalanan.	ChIJrzuYLRepzS0RfKlSJ1rtnvo	-8.8393082	116.2919871
https://lh5.googleusercontent.com/p/AF1QipPIUIxC_oEEmsgVSoyBUbGDsq3zqWF1bAixVutR=w426-h240-k-no	Pelawangan Sembalun		4.8	333	Nusa Tenggara Bar.	Kabupaten Lombok Timur		Wisata Alam		ChIJ977iG10tzC0RI_ZW3RWkPz4	-8.3938231	116.4404638
https://lh5.googleusercontent.com/p/AF1QipNtqP2Kmdyk2bfHqRuDRkBj1_IJ-t-d8CllPswD=w426-h240-k-no	Museum Negeri Nusa Tenggara Barat		4.6	1746	Nusa Tenggara Bar.	Kota Mataram		Wisata Sejarah & Budaya	Museum negara yang menampilkan beragam seni, kerajinan & baju pengantin tradisional Indonesia.	ChIJVSCrV37AzS0Rj9Z-5v8ylVU	-8.5850895	116.0858706
https://lh5.googleusercontent.com/p/AF1QipP3kh0aJyWv5pY-t3qdSaITR4xGl-zFdnUcPCw=w408-h270-k-no	Pergasingan Hill		4.9	231	Nusa Tenggara Bar.	Kabupaten Lombok Timur	+62 818-0579-1762	hiking area		ChIJQVuUgJIuzC0RwtCFJSpaVrA	-8.3425238	116.5425977
https://lh5.googleusercontent.com/p/AF1QipON5E1suF-ZDAY4VU5amOlKIFmVi9ctND5yHWI4=w408-h306-k-no	Pura Lingsar		4.3	363	Nusa Tenggara Bar.	Kabupaten Lombok Barat		Wisata Sejarah & Budaya	Situs beribadat multi-denominasi dengan pura indah, taman tenang, dan kolam teratai.	ChIJmwoUvYnHzS0Retos_mpIjyA	-8.5758879	116.18106
https://lh5.googleusercontent.com/p/AF1QipPx_TB-FgB4o1SYEfhVSDsglZRcW6bz0X8slveb=w426-h240-k-no	Bukit Selong		4.6	1522	Nusa Tenggara Bar.	Kabupaten Lombok Timur		Hiking Area		ChIJ-fSDAAAvzC0R_bLMnwjxnVc	-8.3652742	116.5400344
https://lh5.googleusercontent.com/p/AF1QipMOHP6qu363UQHu2ZbS_NRarNXEfjQnGmUvnHOW=w408-h544-k-no	Mangku Sakti Waterfall Sajang		4.4	185	Nusa Tenggara Bar.	Kabupaten Lombok Timur	+62 811-3992-018	Tujuan Wisata		ChIJW1H-n4ErzC0RVAt05xYgpt4	-8.3146961	116.4697579
https://lh5.googleusercontent.com/p/AF1QipM_wb4N8jByhEbdg6P95SmUTKLlzyJdU0W9B1CT=w426-h240-k-no	Pura Narmada		4.4	324	Nusa Tenggara Bar.	Kabupaten Lombok Barat	+62 823-4164-7634	Wisata Sejarah & Budaya		ChIJR0KVZmu4zS0R-N5Q8ac4DDQ	-8.5948102	116.2049057
https://lh5.googleusercontent.com/p/AF1QipOdu3Q8RVolLMLaRM6vMbFU2RTXgh3MeF4Jc5tG=w408-h272-k-no	Taman Nasional Gunung Rinjani		4.7	1715	Nusa Tenggara Bar.	Kabupaten Lombok Utara		Hiking Area	Taman nasional pegunungan & area mendaki dengan perkemahan, pendakian berpemandu & panorama yang memukau.	ChIJ3f___z_NzS0RYcKdlU9Vb_g	-8.4254297	116.3958027
https://lh5.googleusercontent.com/p/AF1QipNaZ_fE8yDZw3A7nb2Q5DssWorxNJuxewJIBr65=w408-h306-k-no	Sembalun Village		4.7	264	Nusa Tenggara Bar.	Kabupaten Lombok Timur	+62 877-7730-1990	Wisata Alam		ChIJhQG1-0EuzC0RCSuBLwwwiY0	-8.3706758	116.537935
https://lh5.googleusercontent.com/p/AF1QipNRDhHeagsdFEhYLkTqf4emoj5wyuxQrOWFPLSJ=w408-h544-k-no	Lombok Wildlife Park		4.5	2199	Nusa Tenggara Bar.	Kabupaten Lombok Utara	+62 818-261-979	Kebun Binatang		ChIJ671ISJrczS0RonioOg05KJo	-8.398185	116.126909
https://lh5.googleusercontent.com/p/AF1QipOz5kIljwjeLs8MyUAs6xIqZqA9NSDfr9yZGKsK=w408-h544-k-no	Tiu Kelep Waterfall		4.7	414	Nusa Tenggara Bar.	Kabupaten Lombok Utara		Wisata Alam		ChIJW0sW3OfVzS0RpyFtxzLWz4s	-8.3127426	116.4041108
https://lh5.googleusercontent.com/p/AF1QipPgojocP9wpnc7Wnki2rJASYKcj_NNxm04w_96Z=w480-h240-k-no	Tiu Pupus		4.1	144	Nusa Tenggara Bar.	Kabupaten Lombok Utara		Wisata Alam		ChIJ9xTAzALazS0RDcOQSg-1yGM	-8.3397401	116.2187359
https://lh5.googleusercontent.com/p/AF1QipNhv7jFdAg6WUn2ZCdrTINt4qGbhS9nmujq69yf=w408-h306-k-no	Bukit Pergasingan		4.8	661	Nusa Tenggara Bar.	East Lombok Regency		Area Mendaki	Jalur hiking terjal ke arah bukit berhutan lebat untuk panorama luas lahan pertanian & Gunung Rinjani berapi.	ChIJbUeG0h8yzC0RE83hFP1jkjo	-8.3454136	116.5330492
https://lh5.googleusercontent.com/p/AF1QipPB4TpnxtHVn49OMPN-wL-g_X95HjCMGSMpEyc=w426-h240-k-no	Mawi Beach		4.2	316	Nusa Tenggara Bar.	Kabupaten Lombok Tengah		Pantai		ChIJM3tV_EanzS0R0lSS2KrtoXM	-8.8877836	116.1606752
https://lh5.googleusercontent.com/p/AF1QipNgXW6l8YRIc43Rdi_iy4B0gg4ZhyTKmRvY9m8n=w408-h272-k-no	BAT CAVE		4.2	102	Nusa Tenggara Bar.	Kabupaten Lombok Tengah	+62 823-3906-4733	Restoran		ChIJ8wdzPT6pzS0RBbZFV3-NyYY	-8.8896536	116.2528367
https://lh5.googleusercontent.com/p/AF1QipP0DyGEcj5YZI_ee66HztoH8-Y19AOKRes1OAPF=w408-h306-k-no	Pura Gunung Sari		4.6	246	Nusa Tenggara Bar.	Kabupaten Lombok Barat		Wisata Sejarah & Budaya		ChIJn1IH8h_BzS0Ry5qF2auyEn8	-8.5451186	116.111572
https://lh5.googleusercontent.com/p/AF1QipNV-6AA7Lx_eZ3JVKpoOy1H4WpFFom0Uuw1hMe5=w408-h306-k-no	Nipah Beach		4.6	643	Nusa Tenggara Bar.	Kabupaten Lombok Utara		Pantai		ChIJFxFFgt7DzS0RubMTuEP6w_s	-8.4332037	116.0457672
https://lh5.googleusercontent.com/p/AF1QipO044ZBjH7V3yjTboGh-bhFTGOrWh_Ck_bfHUY4=w408-h306-k-no	Otak kokok Joben Evergreen		4.1	927	Nusa Tenggara Bar.	Kabupaten Lombok Timur	+62 878-8230-9209	Wisata Alam	Kolam renang & air terjun di sekitar hutan adalah objek wisata utama di taman alam yang tenang ini.	ChIJ08eJ2dzKzS0RurgR4hcQ4-4	-8.5341201	116.3988654
https://lh5.googleusercontent.com/p/AF1QipMl6Zy0CfjjlcubFLb-1njPAp6tQTOLO4KfTTuF=w408-h306-k-no	Orong Bukal		4.6	212	Nusa Tenggara Bar.	Kabupaten Lombok Barat	+62 852-3883-9272	Hiking Area		ChIJE5j097mfzS0RuD4W6ory2Pw	-8.8811842	115.9825376
https://lh5.googleusercontent.com/p/AF1QipPT-7yADZC_LnQ51nHnTdqxNv532R5sHvo2iv0x=w408-h306-k-no	Taman Wisata Pusuk Sembalun (Tourist Park)		4.7	673	Nusa Tenggara Bar.	Kabupaten Lombok Timur		Wisata Alam		ChIJf2gFXEgxzC0RdWxc13gm5jk	-8.4151495	116.5382383
https://lh5.googleusercontent.com/p/AF1QipN06PM2GI7mRZmb8FM6gpf7C7Xq5wj6tA1w7EcT=w426-h240-k-no	Puncak Pusuk Sembalun		4.7	41	Nusa Tenggara Bar.	Kabupaten Lombok Timur	+62 877-5886-8565	Area Mendaki		ChIJlcISeigxzC0RjSbHsuhsLjQ	-8.4142453	116.5353416
https://lh5.googleusercontent.com/p/AF1QipMnwYR1PzsMRNIrXxfQlnYaXQ1MBh6qW5pJYy34=w408-h612-k-no	Tetebatu Waterfall		4.2	164	Nusa Tenggara Bar.	Kabupaten Lombok Timur		Wisata Alam		ChIJx2JGoiU1zC0Rh2fLYmVbhXo	-8.539947	116.421514
https://lh5.googleusercontent.com/p/AF1QipOD6Up0GrfmwgeClyHQKIMGYnts60wJEupn-xUd=w426-h240-k-no	Durian Indah waterfall		3.7	29	Nusa Tenggara Bar.	Kabupaten Lombok Timur		Wisata Alam		ChIJaaWk_-c1zC0RnMDaAuO90QQ	-8.5407237	116.4233882
https://lh5.googleusercontent.com/p/AF1QipMWCTERZEKDHYCuq1s35vd7kXd_W7xW4JrF9Uk=w408-h306-k-no	Air Terjun Jeruk Manis		4	223	Nusa Tenggara Bar.	Kabupaten Lombok Timur	+62 819-0737-8703	Wisata Alam		ChIJ_____9I0zC0Rr4bviBesiWk	-8.5154529	116.4240234
https://lh5.googleusercontent.com/p/AF1QipOf9vKf7HB7A0owwXSuxCtsldsK2is2SJWkrrDU=w408-h306-k-no	Pantai Nambung		4.5	123	Nusa Tenggara Bar.	Kabupaten Lombok Tengah		Pantai		ChIJJ5EJ-sehzS0R5UufSoWS8pA	-8.8691785	116.1038278
https://lh5.googleusercontent.com/p/AF1QipMrKXluVKP7y6MbWzFnQ5fAPwUh_-WsPBQO8F9I=w408-h306-k-no	Pantai Torok		4.4	195	Nusa Tenggara Bar.	Kabupaten Lombok Tengah		Pantai		ChIJoSHXeSehzS0R2aTB06mblN4	-8.8667173	116.1217439
https://lh5.googleusercontent.com/p/AF1QipPNcBlKPwn9ZFStcnnLP6DHJVG9VSybB_kPAopI=w408-h240-k-no-pi-10-ya111.00001-ro-0-fo100	MAS-MAS			0	West Nusa Tenggara	Central Lombok Regency		Pantai		ChIJd1h7z8m1zS0RlmUr9GVJv7g	-8.601379	116.3515103
https://lh5.googleusercontent.com/p/AF1QipP3FtnPdy-LxEpQk_S5y8Eh1wSFz7RQhhXT9t6O=w519-h240-k-no	Kotaraja			0	West Nusa Tenggara	East Lombok Regency		Tujuan Wisata		ChIJI2ZpSzW1zS0RMOH3yvsLAwU	-8.5865967	116.4164382
https://lh5.googleusercontent.com/p/AF1QipMb9S2gwj31uQxwfEaFbbVZrNbdz3c2hPj5rRUT=w532-h240-k-no	Kembang Kuning			0	West Nusa Tenggara	East Lombok Regency		Tujuan Wisata		ChIJpSKmFNQ0zC0RgOH3yvsLAwU	-8.5160626	116.4223398
https://lh5.googleusercontent.com/p/AF1QipPp3Fni3A2Pdw_00bdEt3YBNdGhEzCSb1kvMoq1=w426-h240-k-no	Aik Berik			0	West Nusa Tenggara	Central Lombok Regency		Wisata Alam		ChIJIzjvX4bLzS0RZ6v_GY-P-N0	-8.4825969	116.3662682
https://lh5.googleusercontent.com/p/AF1QipPvpVNdjwg5BzgxSJJDJ57GVhr75zYlHPGaH1U_=w408-h260-k-no	Bukit Merese		4.7	7271	Nusa Tenggara Bar.	Kabupaten Lombok Tengah	+62 821-1194-2348	Wisata Alam		ChIJn1laO6izzS0RzIjQ0qj2jA8	-8.9139299	116.3190063
https://lh5.googleusercontent.com/p/AF1QipMun4yFnS9zIzlTimNMAgTswrvsd2SKHN4evhHu=w408-h306-k-no	Pantai Kores		4.4	83	Nusa Tenggara Bar.	Kabupaten Lombok Barat		Pantai		ChIJa2vpqG2QzS0Ra3IqYvvuTlE	-8.7537976	115.8805014
https://lh5.googleusercontent.com/p/AF1QipMU3GYUlidBnxfnwxMdoci3mOS_-GOE3EhfDNg_=w408-h725-k-no	Taman Nasional Gunung Rinjani		4.7	1304	Nusa Tenggara Bar.	Kabupaten Lombok Timur	+62 818-0579-1762	Hiking Area		ChIJjQ62V6W_zS0RPEn4A2jrMPs	-8.3596891	116.5243623
https://lh5.googleusercontent.com/p/AF1QipOUMADDnj15N89vETBGpAsBAFURAIcAKwtmTpEr=w408-h306-k-no	Karang Bayan			0	West Nusa Tenggara	West Lombok Regency		Wisata Sejarah & Budaya		ChIJWzVflF3GzS0RfuXAgZDS9h8	-8.5281634	116.1861605
https://lh5.googleusercontent.com/p/AF1QipMt8k3Cunu8Hrf7mv7P8aKtwVMIAe-H1Cfm24M=w408-h306-k-no	Kesik			0	West Nusa Tenggara	East Lombok Regency		Pantai		ChIJ8cHDcj5LzC0RAN73yvsLAwU	-8.6149257	116.4400439
https://lh5.googleusercontent.com/p/AF1QipMBfj8KpoRBPuqMDuEA3yJqxxWOXxiz-TDZxPwd=w408-h306-k-no	Areguling Beach Lombok		4	185	Nusa Tenggara Bar.	Kabupaten Lombok Tengah	+62 819-3868-3927	Pantai		ChIJ5-LQEh8HzS0REL8uQZ-9zC8	-8.9039798	116.2442773
https://lh5.googleusercontent.com/p/AF1QipNxSca8oM6cRKmqgEv2G_jXfaywZLv5q571xH7a=w408-h509-k-no	Muji Trekker Tour & Travel "Mount Rinjani Trekking Tour Package Price Information Center Lombok"		4.9	28	West Nusa Tenggara	East Lombok Regency	+62 877-7730-1990	Tour agency		ChIJJz_aSmMuzC0RDQCPXoeSpQY	-8.3600675	116.5256257
https://lh5.googleusercontent.com/p/AF1QipPVR0DGVM3k0MeHUC-YbwEJ8Ly1Zb_bueVLuvn-=w408-h544-k-no	Bukit Telaga		5	2	West Nusa Tenggara	East Lombok Regency		Hiking area		ChIJkboO5tUvzC0RQKaf7oxT04c	-8.3803125	116.5274375
https://lh5.googleusercontent.com/p/AF1QipOxj4KaDwf2QGQ_JGLzr8HLlSv15co9LQpadBqe=w408-h408-k-no	Sembalun			0	West Nusa Tenggara	East Lombok Regency		Wisata Alam		ChIJNRfuPTgszC0RTptKuwApUaI	-8.3659817	116.5361579
https://lh5.googleusercontent.com/p/AF1QipMZ2XlfYVYDnb84caVHXXG--jxC3tNRvEfi1F1P=w436-h240-k-no	Malimbu Hill		4.6	1122	Nusa Tenggara Bar.	Kabupaten Lombok Utara		Wisata Alam		ChIJXWDzchvozS0RgN32LMJTi-0	-8.4431424	116.033795
https://lh5.googleusercontent.com/p/AF1QipPBYW1HdaakM_43eKU-GK0QBKyL9zoRBvmORyuj=w408-h306-k-no	senggigi waterfall		3.4	15	Nusa Tenggara Bar.	Kabupaten Lombok Barat		Wisata Alam		ChIJSf_Y6Z7DzS0RnsPgYLuQ_ek	-8.4797182	116.0649502
https://lh5.googleusercontent.com/p/AF1QipN6hjTL5Wk8hGnRS3rvw2gc958mm42_6V8-rtTf=w408-h724-k-no	Pusuk Forest Viewpoint		4.5	150	Nusa Tenggara Bar.	Kabupaten Lombok Utara		Cagar Alam		ChIJPYo7gGzDzS0ROfQAZFGYj8U	-8.4644728	116.0840597
https://lh5.googleusercontent.com/p/AF1QipMuTzi-43Ke4ewTY_Sl-0TqflkRcPs4E9uZ_YGg=w408-h725-k-no	Turtle Conservation Community Nipah Beach		4.7	79	Nusa Tenggara Bar.	Kota Mataram		Tujuan Wisata		ChIJPyoZJIrDzS0RCouP2PBfv6o	-8.4342851	116.0450534
https://lh5.googleusercontent.com/p/AF1QipNVzBu0_0EKeZ0lMHof_sMmuzLBHkSt2HLiPFUa=w408-h306-k-no	Taman Wisata Alam Gunung Tunak		4.3	222	Nusa Tenggara Bar.	Kabupaten Lombok Tengah	+62 819-0717-5905	Wisata Alam		ChIJ-UivCCIBzS0RnicSiHrkyOU	-8.9110513	116.3809577
https://lh5.googleusercontent.com/p/AF1QipOuVpsQG8Ae3YZnCgSdQo9hCrceOFZCurLjrSA5=w426-h240-k-no	Gili Batu Ayok		4.8	6	Nusa Tenggara Bar.	Kabupaten Lombok Tengah		Wisata Alam		ChIJZeUthEcHzS0Rg9gkxjua7JU	-8.9091162	116.3026053
https://lh5.googleusercontent.com/p/AF1QipPWgbddj96n-2TMOq87hZA517-LoJOu0LiUs4oZ=w408-h306-k-no	Kampung Tradisional Ende		4.6	270	Nusa Tenggara Bar.	Kabupaten Lombok Tengah	+62 818-0218-1650	Wisata Sejarah & Budaya		ChIJTZj05zKpzS0RRbhlRk-uLc8	-8.8213125	116.2937687
https://lh5.googleusercontent.com/p/AF1QipP6OcvGu40wtps01OY8wwKbi3acPbnleBx0p17P=w408-h408-k-no	Goa Kotak Lombok		4.3	122	Nusa Tenggara Bar.	Kabupaten Lombok Tengah		Pantai		ChIJC7L0jG2nzS0RIEuqXOBsHoQ	-8.9237123	116.342645
https://lh5.googleusercontent.com/p/AF1QipNz5-DgGhY-v2TIVHwLY5IXCvULZuV140jj2_zI=w480-h240-k-no	Taman Wisata Alam Kerandangan		4.2	46	West Nusa Tenggara	West Lombok Regency	+62 819-0717-5905	National forest		ChIJcSV_WxXDzS0RSlqSs1dHHdg	-8.4789096	116.0535904
https://lh5.googleusercontent.com/p/AF1QipPSza7yszeKZBbdHq6mcQZxrsGcZW8hg-jMKpcW=w408-h408-k-no	Kuta			0	West Nusa Tenggara	Central Lombok Regency		Pantai		ChIJSXSDI9CpzS0RANz3yvsLAwU	-8.8802739	116.2836124
https://lh5.googleusercontent.com/p/AF1QipPwldGARtFE2YnBJ-M2e6AaqyOD-IU6eHDqWURz=w426-h240-k-no	Prabu			0	West Nusa Tenggara	Central Lombok Regency		Tujuan Wisata		ChIJ50_zwUGozS0R8Nv3yvsLAwU	-8.8696829	116.2570385
https://lh5.googleusercontent.com/p/AF1QipPEAu6eImFKU5O2sFwkc1kV02oKa5Bnen3reXuO=w408-h725-k-no	Transmart Mataram		4.3	5135	West Nusa Tenggara	Mataram City		Shopping mall		ChIJy3IzDK-4zS0Rgk1cV4zcByk	-8.5906479	116.1461841
https://lh5.googleusercontent.com/p/AF1QipPCT3EamghFh2eExsDxP2r3tmcUxndbPUULWxOS=w408-h306-k-no	Air Terjun Tiu Pituq		4.1	200	Nusa Tenggara Bar.	Kabupaten Lombok Utara	+62 823-4196-1234	Wisata Alam		ChIJvwft0gLazS0R1Udldz6_JmY	-8.3400549	116.2187782
https://lh5.googleusercontent.com/p/AF1QipOTQtf80pHSwUYPIWm3XmSADFrPrtn6vquwKqiH=w408-h544-k-no	Air terjun Kerta Gangga		4.6	94	Nusa Tenggara Bar.	Kabupaten Lombok Utara	+62 823-3943-2086	Wisata Alam		ChIJ3SEt8ULbzS0RPnlxS7P6kM8	-8.3509325	116.2264661
https://lh5.googleusercontent.com/p/AF1QipNyitSzfASg2Reqed7U3SXvEIjZZd0-satwSnnT=w408-h306-k-no	Rinjani Trekking Official		4.9	150	West Nusa Tenggara	North Lombok Regency	+62 813-3943-7387	Travel Agent		ChIJTWBVbiApzC0RKHJ8u2BqLtc	-8.2843017	116.4145723
https://lh5.googleusercontent.com/p/AF1QipMyMKBBX4b9hPDbLeYXrlwYMt3MhpqkiGBtFc_P=w408-h408-k-no	Rinjani Mountain Garden	Â£30	4.6	122	West Nusa Tenggara	North Lombok Regency	+62 853-9820-6789	Guest house		ChIJRRlQuTQrzC0RMGC1phpfCGU	-8.299816	116.420454
https://lh5.googleusercontent.com/p/AF1QipP0kv-g4300_-IOxcUjY2izsNirLqWUUjrLWL3E=w408-h907-k-no	MAHAJANI AGRO		5	10	West Nusa Tenggara	North Lombok Regency	+62 819-3752-0570	Tourist attraction		ChIJuahMZ1zVzS0Rl5yNpS6hnuE	-8.2926798	116.4107208
https://lh5.googleusercontent.com/p/AF1QipMhPcJ6cm7pvlkx8kyOBk8tUUQzXwJD1LvSIQFg=w408-h544-k-no	Senaru			0	West Nusa Tenggara	North Lombok Regency		Wisata Alam		ChIJY1R58kPTzS0Rgq6Zukl0LXU	-8.2901965	116.4016834
https://lh5.googleusercontent.com/p/AF1QipNvDByQXq3RG-HK3BqMxEYSRxYKDUVc2adO_BL0=w408-h544-k-no	Mangku Sakti Water Fall & Mangku Kodek Water Fall		4.2	61	West Nusa Tenggara	North Lombok Regency	+62 823-3927-8151	Wisata Alam		ChIJJ0fa46grzC0RzQWKhMmn5B4	-8.2880013	116.4706245
https://lh5.googleusercontent.com/p/AF1QipM-yKuTWUwWO1rg_KM5JWQwoq2Fn9dSoM73TBo0=w408-h544-k-no	AIR TERJUN MANGKU SAKTI		4.7	50	West Nusa Tenggara	North Lombok Regency	+62 878-4758-5421	Wisata Alam		ChIJgfjaU4grzC0RKJGOLWKJzjM	-8.3183535	116.4681854
https://lh5.googleusercontent.com/p/AF1QipNrkYfhZLX-dDFx7NFT50w41RFXahsJVcKGSYmW=w408-h612-k-no	air terjun mangku sakti		5	3	West Nusa Tenggara	East Lombok Regency	+62 819-0771-6254	Wisata Alam		ChIJSQcXZN4tzC0RahUpHlkcG14	-8.3274871	116.467412
https://lh5.googleusercontent.com/p/AF1QipO79MiSlnNXexQHAKRN4q_WO91HevxYEPWMZz_h=w408-h306-k-no	Pantai Torok Bare		4	23	Nusa Tenggara Bar.	Kabupaten Lombok Tengah		Pantai		ChIJgRdhy0UHzS0RikLlZ8DGt7Y	-8.907521	116.3102901
https://lh5.googleusercontent.com/p/AF1QipMQiK5ixpb_ggVXvZLP3VKK1YvnO96jy-ngBSZt=w426-h240-k-no	Rinjani Dawn Adventures - Trekking Tours		4.9	112	West Nusa Tenggara	North Lombok Regency	+62 823-4101-1044	Travel Agent		ChIJgaUxn8_UzS0RQgVVmRfDfSw	-8.3027656	116.401119
https://lh5.googleusercontent.com/p/AF1QipOd4umrOb4gL3riHKCetYYnWYCm-Y6Ih7babGs-=w408-h725-k-no	Rinjani Trekking Center		4.5	122	West Nusa Tenggara	North Lombok Regency	+62 853-3751-1869	Tour operator		ChIJ7x_-yMfUzS0RHTYOmyhTYEU	-8.3016634	116.4070179
https://lh5.googleusercontent.com/p/AF1QipOl1Ty3QDq7Nx8oKAdWw-Y3jyvSG8vsGNcC7oTY=w408-h902-k-no	Sunset garden		5	3	Nusa Tenggara Bar.	Kabupaten Lombok Utara		Tujuan Wisata		ChIJZcJGyErXzS0RyIsPURQgX-k	-8.2806156	116.2485179
https://lh5.googleusercontent.com/p/AF1QipOewANnHEVGvnVIKfGqIVSD57GS-R87BuWtyCIw=w408-h544-k-no	Tiu Ngumbak		4	4	Nusa Tenggara Bar.	Kabupaten Lombok Utara	+62 819-0793-3050	Wisata Alam		ChIJM8URe8rXzS0RYm2DU-UgfdE	-8.3027341	116.3209687
https://lh5.googleusercontent.com/p/AF1QipPZXiNeUTMBvxt5nIIR1zf1kn6_g7oKsyECaKhP=w426-h240-k-no	Sunrise Land Lombok		4.4	106	Nusa Tenggara Bar.	Kabupaten Lombok Timur	+62 859-4215-0158	Pantai		ChIJxR-C2EJPzC0Rs11tpAy-k80	-8.70906	116.5648302
https://lh5.googleusercontent.com/p/AF1QipP7iJ3C8byo731Nvyt7ocmnEZ3_rxs84qyKBALX=w408-h544-k-no	Pura Penataran Agung Rinjani		4.7	160	Nusa Tenggara Bar.	Kabupaten Lombok Utara		Wisata Sejarah & Budaya		ChIJpzC0WD7VzS0RAhhH2V3CNfE	-8.2689227	116.3982646
https://lh5.googleusercontent.com/p/AF1QipMW00ch8cwiDIPESk9X2ucjk97XbXM3-Nqu1AnD=w408-h307-k-no	pantai Bumbang		4	14	Nusa Tenggara Bar.	Kabupaten Lombok Tengah		Pantai		ChIJC051Sy0BzS0Ro3oYo6XW_T4	-8.9030374	116.3749693
https://lh5.googleusercontent.com/p/AF1QipOhA_do3brrtYdsx7UYKi-W0_7xqtNbaTBxysQ=w408-h408-k-no	SURGO ADAM CAMPING GROUND		5	12	West Nusa Tenggara	Central Lombok Regency	+62 813-1949-0943	Camping farm		ChIJ7bo9Xr8BzS0RQp1K67Imivs	-8.907672	116.3266255
https://lh5.googleusercontent.com/p/AF1QipMclKpdVpHFUbLmcpVjv59L6M9VTav0c0-R31kW=w408-h522-k-no	Sembalun Lawang			0	West Nusa Tenggara	East Lombok Regency		Tujuan Wisata		ChIJmwVTe4ktzC0R4Nz3yvsLAwU	-8.3895326	116.4783981
https://lh5.googleusercontent.com/p/AF1QipPTNnKqfLIl0s4LDAHH1ihu1PKM8hnpFbsLZZA=w426-h240-k-no	Pantai Tanjung Bloam		4.4	228	Nusa Tenggara Bar.	Kabupaten Lombok Timur		Pantai	Teluk berpasir yang dikelilingi bukit berhutan, terkenal dengan batu pasir & pemandangan matahari terbit.	ChIJlZM9jnn4zC0RSr4DGV_IscQ	-8.8792522	116.5701922
https://streetviewpixels-pa.googleapis.com/v1/thumbnail?panoid=9pGDKbA4gyiogQBPyD0fHQ&cb_client=search.gws-prod.gps&w=408&h=240&yaw=108.38463&pitch=0&thumbfov=100	Ave pink Beach			0	Nusa Tenggara Bar.	Kabupaten Lombok Timur		Pantai		ChIJLwuPWQCzzS0RNfnZ2x7lRjY	-8.6909111	116.3994773
https://lh5.googleusercontent.com/p/AF1QipO12dKtB5qj1ZJZm8uC3O32H8sK9vPQk53h7Yqt=w520-h240-k-no	Savana Bale Tepak		4.3	89	Nusa Tenggara Bar.	Kabupaten Lombok Tengah		Wisata Alam		ChIJI2KpkuyvzS0ReUuqOUXHaP4	-8.7459514	116.2805756
https://lh5.googleusercontent.com/p/AF1QipPlN1cpppR9NuHHOOVoH4FawaZezeGGl2PphWnQ=w408-h306-k-no	Objek Wisata Batu Bolong		4.5	60	Nusa Tenggara Bar.	Kabupaten Lombok Barat		Pantai		ChIJH5DCz2nDzS0RhRS5cglcd0o	-8.5090819	116.0569327
https://lh5.googleusercontent.com/p/AF1QipPI0szIq3Bh35O9-rTaQ_jokVxzZmm4UPkwmbzd=w408-h544-k-no	Air Terjun Senggigi		3.3	3	Nusa Tenggara Bar.	Kabupaten Lombok Barat		Pantai		ChIJrdT730LDzS0Rz32KvFMEY6A	-8.4788308	116.0657451
https://lh5.googleusercontent.com/p/AF1QipOHvGHtKOK5PTqJkosSUXKpwe7q9EC4OP1-Q9xh=w520-h240-k-no	WISATA ALAM BATU PAYUNG		5	1	Nusa Tenggara Bar.	Kabupaten Lombok Tengah		Pantai		ChIJ7QWeMgatzS0RDIWrxQC4TYc	-8.7383488	116.3708615
https://lh5.googleusercontent.com/p/AF1QipM8j3OuKOt6xzFOZQWXtkPxVVCfSpgfllDv7j65=w408-h306-k-no	Air Terjun Sendang Gile		4.6	1656	Nusa Tenggara Bar.	Kabupaten Lombok Utara	+62 822-3634-3282	Wisata Alam	Situs menawan dengan 2 air terjun, diakses melalui jalan setapak yang dikelilingi hutan rimbun indah.	ChIJD87VUP_VzS0RM4YPd7ICqSE	-8.3062412	116.4083416
https://lh5.googleusercontent.com/p/AF1QipPPlXLmLj3qVeDcX2uBtLgm3CDt0Gh8wLodU2qU=w408-h907-k-no	Bukit Dollar			0	Nusa Tenggara Bar.	Kabupaten Lombok Barat		Tujuan Wisata		ChIJ12ON-LCjzS0RM5F7WEQr0wo	-8.7488651	116.1087483
https://lh5.googleusercontent.com/p/AF1QipPE5uWN88pw2UFiJIMHTXb1BQiS6iHSHk_Hp7N8=w408-h544-k-no	Mangku Sakti Waterfall Sajang		4.4	185	Nusa Tenggara Bar.	Kabupaten Lombok Timur	+62 811-3992-018	Wisata Alam		ChIJW1H-n4ErzC0RVAt05xYgpt4	-8.3146961	116.4697579
https://lh5.googleusercontent.com/p/AF1QipP-IzjCfMVCpn1QlF7ZnnsNIoyDrh3CQkw6xwOs=w426-h240-k-no	Objek Wisata Batu Layar		4.1	7	Nusa Tenggara Bar.	Kabupaten Lombok Barat		Pantai		ChIJpYyVYebBzS0R0YM_bq7Yr6A	-8.5163866	116.0600826
https://lh5.googleusercontent.com/p/AF1QipO4Vp55_EjnBsHwr7qfKOd1K1M0ITZMiFtxGC9Z=w408-h272-k-no	Pantai Meninting		4.2	275	Nusa Tenggara Bar.	Kota Mataram	+62 823-4050-3385	Pantai		ChIJ45G37kvAzS0RvOz-6WOW0qQ	-8.5532313	116.0698759
https://streetviewpixels-pa.googleapis.com/v1/thumbnail?panoid=YYSJz-AUj1ogNcnvapSGnQ&cb_client=search.gws-prod.gps&w=408&h=240&yaw=96.888626&pitch=0&thumbfov=100	Wisata alam PEDEWAQ			0	Nusa Tenggara Bar.	Kabupaten Lombok Tengah		Wisata Alam		ChIJr7FuVWu7zS0RHeX4kYDFA_Y	-8.7037652	116.2150137
https://lh5.googleusercontent.com/p/AF1QipP6FL9Dr56Hf1D_CiyJyPGbN-P1EP3csRCY-n0y=w408-h544-k-no	Pintu Air		4.1	8	Nusa Tenggara Bar.	Kabupaten Lombok Barat	+62 831-2917-8824	Wisata Alam		ChIJ3c1JuF3BzS0Rai_Qm4baQAg	-8.5188125	116.1141875
https://lh5.googleusercontent.com/p/AF1QipPqPF74uhVXzZwHcpO5Hy_-3jRcwB66HGG1RPJH=w408-h765-k-no	Tiu Kelep Waterfall		4.7	414	Nusa Tenggara Bar.	Kabupaten Lombok Utara		Wisata Alam		ChIJW0sW3OfVzS0RpyFtxzLWz4s	-8.3127426	116.4041108
https://lh5.googleusercontent.com/p/AF1QipP1WFsobfcFVN4SXuOFUCzRAkQzBj6sCk17K9ga=w408-h244-k-no	Gili Kapal		3.9	20	Nusa Tenggara Bar.	Kabupaten Lombok Timur		Pantai		ChIJ-QCKIAY5zC0RE0RVBzEShKY	-8.496288	116.659572
https://lh5.googleusercontent.com/p/AF1QipMfh6rk3i-1WIwzdGor8rhY4RIsSQql5OajRNGX=w408-h306-k-no	Batulayar volkanic Beach			0	Nusa Tenggara Bar.	Kabupaten Lombok Timur		Wisata Sejarah & Budaya		ChIJnS7gsz0zzC0RZNAoQG2Jm2E	-8.4112952	116.4573488
https://lh5.googleusercontent.com/p/AF1QipPZlijbmag1IHX-1ik5FHHJ3IPt4IYf9-y9jmD_=w408-h271-k-no	Pantai Tanjung Aan		4.6	1805	Nusa Tenggara Bar.	Kabupaten Lombok Tengah		Pantai	Pantai asri dengan hamparan pasir putih, air berwarna pirus dengan ombak yang tenang & pemandangan indah.	ChIJt5ixsbUAzS0RZsh_2VIFAqQ	-8.909508	116.3288353
https://lh5.googleusercontent.com/p/AF1QipNW-whyrrRazg9LYGcPLR72BYE4UTNotKN2FSar=w426-h240-k-no	Kayangan Beach		4.5	2	Nusa Tenggara Bar.	Kabupaten Lombok Timur		Tujuan Wisata		ChIJn24WVjo5zC0RDj1_1ftoMZc	-8.488662	116.675727
https://lh5.googleusercontent.com/p/AF1QipNLc5isM1-_NB3A2HReR1-dJ-VW-TcGBOMJesUM=w408-h306-k-no	Turtle Beach		5	6	Nusa Tenggara Bar.	Kabupaten Lombok Timur		Pantai		ChIJq9jvTY3_zC0R971GHFozinE	-8.9181309	116.4605463
https://lh5.googleusercontent.com/p/AF1QipOGwvmkiSYu4Oz9qKmmkE8ziWSKYO-QrXqtXMsT=w408-h272-k-no	Pantai Surga		4.3	91	Nusa Tenggara Bar.			Pantai	Pantai berpasir yang masih alami dengan selancar, terletak di teluk dengan tebing & vegetasi yang rimbun.	ChIJgTxHncb_zC0R11EQdFsoP7s	-8.9106819	116.4373238
https://lh5.googleusercontent.com/p/AF1QipMNBm6RJ81eIrwUBKKXXT6bHta1YbCvxcyN7Vc6=w408-h306-k-no	AIK SERAN BEACH		4.1	58	Nusa Tenggara Bar.	Kabupaten Lombok Timur	+62 878-7887-7870	Pantai		ChIJwQVYgaMpzC0RGx6RuSwXQcY	-8.262993	116.550588
https://lh5.googleusercontent.com/p/AF1QipNYMQ7BhmE2X9B66SvC86TgUFI0SDEzFlzkn0A1=w408-h306-k-no	Gondang Beach		3.9	9	Nusa Tenggara Bar.	Kabupaten Lombok Utara		Pantai		ChIJza6V26HZzS0RsplG5Ncd0AU	-8.3199247	116.1871855
https://lh5.googleusercontent.com/p/AF1QipMcWjGEfxruOMWqHYr9d_sM5EGmww9s8e_y8uvW=w426-h240-k-no	Pantai Sokat,awang		4.3	40	Nusa Tenggara Bar.	Kabupaten Lombok Tengah		Pantai		ChIJL8j_gwoAzS0RSFJkJmXiN_M	-8.8870151	116.3983578
https://lh5.googleusercontent.com/p/AF1QipNXnwfLqF9VnuB9H_STHB6iw3RdAilElTJ2TL80=w426-h240-k-no	Pantai Terete		4.3	6	Nusa Tenggara Bar.	Kabupaten Lombok Timur		Pantai		ChIJx6zrg11WzC0RRlw-gK7-Q80	-8.8421312	116.5379768
https://lh5.googleusercontent.com/p/AF1QipOE4PUsQSr3psPcOd8UwkvViMcquVnhw5VUsTPZ=w408-h475-k-no	Sunset Springs Beach Retreat		4.5	10	Nusa Tenggara Bar.	Kabupaten Lombok Utara	+62 853-3383-6312	Pantai		ChIJcxXx5pXZzS0RgeMMShDKrd4	-8.3054346	116.2002028
https://lh5.googleusercontent.com/p/AF1QipMxQOV-VHoJhekiRcVIXqA78riU2PjUjAiX6bem=w408-h272-k-no	Pink Beach Lombok		4.3	2419	Nusa Tenggara Bar.	Kabupaten Lombok Timur	+62 822-3634-3282	Pantai	Pantai terpencil indah dengan pasir merah muda, tebing berbatu & aktivitas seperti menyelam & snorkeling.	ChIJIxs-fYtOzC0ROe9emwraWPU	-8.8553743	116.5622498
https://lh5.googleusercontent.com/p/AF1QipOjzwm8xrEMKNXG5F_Ur5Hh8ZHIoEzC_PjrlxTk=w408-h306-k-no	DONDON BEACH		4.6	11	Nusa Tenggara Bar.	Kabupaten Lombok Tengah		Pantai		ChIJeWO9dQABzS0RFfUoowzVXOQ	-8.9036031	116.3557938
https://lh5.googleusercontent.com/p/AF1QipNbkBKE7zfgZIdChN7ZBfRWvERNiKtAX_nzrEuG=w408-h906-k-no	Bangsal beach surf point		5	1	Nusa Tenggara Bar.	Kabupaten Lombok Timur		Pantai		ChIJCXutKLFHzC0RmTWXD1ynAuc	-8.6211244	116.6208588
https://lh5.googleusercontent.com/p/AF1QipNRKtIgEWnmmUpRDz-1meQ7DSjVilvjfYIJkkQH=w408-h725-k-no	kampung Beach		4	5	Nusa Tenggara Bar.	Kabupaten Lombok Utara	+62 823-4157-9006	Pantai		ChIJ6cERMJ3ZzS0RZbIoGI-m0y4	-8.3298711	116.1853589
https://lh5.googleusercontent.com/p/AF1QipNA4xYroowI1Qtny_gCdjTXVL3mArVt7pgpjgAN=w408-h306-k-no	pantai kuang wai		4	97	Nusa Tenggara Bar.	Kabupaten Lombok Timur		Pantai		ChIJeR81xqVRzC0R1UpuHmJsnCc	-8.7487786	116.5470588
https://lh5.googleusercontent.com/p/AF1QipO-vDDVzv8QUd3DaVC6gY7eqIxy8WjsLU030pBP=w426-h240-k-no	Pantai Tebing (Cliff Beach)		3.3	20	Nusa Tenggara Bar.	Kabupaten Lombok Utara		Pantai		ChIJi7E1LAvZzS0Rw5KX0NEQNwo	-8.288066	116.215653
https://lh5.googleusercontent.com/p/AF1QipOWBAV9lHrHeCtggZ_GH1xNIkUKdQap4MkjhQuG=w426-h240-k-no	surf breack point 1		4.2	6	Nusa Tenggara Bar.	Kabupaten Lombok Timur		Pantai		ChIJO_F4JPtPzC0RLCHgF10Nz7k	-8.6700081	116.584836
https://lh5.googleusercontent.com/p/AF1QipNBHq-SNIBKoZHRfAUPABGb84-6y34SP_iaoGej=w426-h240-k-no	Mandalika Beach		4.5	898	Nusa Tenggara Bar.	Kabupaten Lombok Tengah		Pantai		ChIJUah4ImYHzS0Rxn0SZXpJAH4	-8.9014948	116.2945999
https://lh5.googleusercontent.com/p/AF1QipMUepOuiZK1j59gvACGzMA7qzMbzGeIRznPE7YL=w408-h544-k-no	Teluk Temeak		4.8	8	Nusa Tenggara Bar.	Kabupaten Lombok Timur		Pantai		ChIJERDZ__NXzC0R83oWX5kbeSQ	-8.8697824	116.5702277
https://lh5.googleusercontent.com/p/AF1QipMXDkkoLCbDiaM_on3aSnHARi_Xke6TfR_L8lg4=w408-h306-k-no	Senggigi Beach		4.5	40	Nusa Tenggara Bar.	Kabupaten Lombok Barat		Pantai		ChIJ2UFAQ9TpzS0RYdV1xRcgeqQ	-8.4743435	116.0372387
https://lh5.googleusercontent.com/p/AF1QipMU0nEM4NB3ffLZ9EG4lrr3Oy2ieAccAxd3pWdQ=w426-h240-k-no	Stars Beach		5	1	Nusa Tenggara Bar.	Kabupaten Lombok Utara		Pantai		ChIJl4TgAQDZzS0RNbRkdk61sUU	-8.3004775	116.2050513
https://lh5.googleusercontent.com/p/AF1QipOQF5TyOtd23M513n-lyVkSiIpNYBjmwHT540VB=w408-h306-k-no	PANTAI KETAPANG INDAH		3.9	39	Nusa Tenggara Bar.	Kabupaten Lombok Timur		Pantai		ChIJraqq03FRzC0RaWn8YSvlSdE	-8.7671655	116.5291175
https://lh5.googleusercontent.com/p/AF1QipOt92an1NcQLfr54YgGUTmtYOhusivpRmj0Ouxw=w408-h306-k-no	Pantai Pasir Hitam Belanting		4.6	17	Nusa Tenggara Bar.	Kabupaten Lombok Timur	+62 823-4025-5484	Pantai		ChIJnzI5Nu4pzC0RjTzOLpPBxYk	-8.2826949	116.6071014
https://lh5.googleusercontent.com/p/AF1QipMRNWMlvsZcfaTa3vXki6QjHtcobIze7scbwRLf=w408-h306-k-no	Desa Tangguh Wisata Kadin Indonesia		4.4	47	Nusa Tenggara Bar.	Kabupaten Lombok Utara	+62 851-6284-2847	Tujuan Wisata		ChIJKX8LLCnbzS0R9-eKPCJTM3U	-8.3452012	116.170649
https://lh5.googleusercontent.com/p/AF1QipOskOntxUZrY3V_cC3jc2IJXm0Eth8Ev83siPsw=w408-h306-k-no	Pantai Pasir Putih TNI AL		4.3	139	Nusa Tenggara Bar.	Kabupaten Lombok Timur		Pantai		ChIJ755cCHw8zC0RkfLTWK3CK34	-8.4275878	116.7092403
https://lh5.googleusercontent.com/p/AF1QipOrfy_WezMhsbz_zKCPih1AYotAfN6kLFmEI_aF=w408-h306-k-no	Pantai Pedauf		4.2	26	Nusa Tenggara Bar.	Kabupaten Lombok Tengah		Pantai		ChIJJSnTP8kAzS0RlAGUY-iCDyI	-8.9156407	116.3325062
https://lh5.googleusercontent.com/p/AF1QipO8-fkssIboU3K61UeuITxQ70GoliapLogP5VvA=w408-h306-k-no	pantai ujung batu awang		4.1	10	Nusa Tenggara Bar.	Kabupaten Lombok Tengah		Pantai		ChIJSy7K38aqzS0R8xexzrwnznE	-8.8635701	116.4030761
https://lh5.googleusercontent.com/p/AF1QipNywbHE2xndR6OYtvfMiC07HpHyzecTbVLPrcOz=w408-h306-k-no	Pantai Dadap Sambelia		4.3	49	Nusa Tenggara Bar.	Kabupaten Lombok Timur	+62 857-3841-3342	Pantai		ChIJnX04Y70jzC0RP9hfgr8aaRM	-8.3560206	116.7165899
https://lh5.googleusercontent.com/p/AF1QipNpGFkKlEzTXpoBkkKCHrCsWFi0lF5cPhTww_9o=w408-h306-k-no	Pantai Mawun		4.2	986	Nusa Tenggara Bar.			Pantai	Tempat berenang & selancar yang indah dengan kursi santai yang bisa disewa, fasilitas & pemandangan gunung.	ChIJB3ctigAIzS0RzaPlpWUMIC0	-8.9001329	116.2296696
https://lh5.googleusercontent.com/p/AF1QipMF5RKCAZsgDOnklmPw_WKyzcpiENVTfp8to9PM=w408-h306-k-no	Jenggala Beach		5	4	Nusa Tenggara Bar.	Kabupaten Lombok Utara		Restoran		ChIJVR2LVd_bzS0Rtws_1u5oOkE	-8.3454233	116.1652601
	Menara beach			0	Nusa Tenggara Bar.	Kabupaten Lombok Timur		Pantai		ChIJH_J5UZgnzC0RHeuvV1AuuFs	-8.3026333	116.6644289
https://lh5.googleusercontent.com/p/AF1QipPjX7T_zikp5GbI1BArXdDkyfii9Koh6Rs0Xnwl=w408-h306-k-no	Tampah Beach		4.6	215				Pantai	Pantai terpencil yang tenang dengan hamparan pasir putih yang panjang, snorkeling & fasilitas umum.	ChIJf22M7x8IzS0Rytb8hC7HasM	-8.9016487	116.2150668
https://lh5.googleusercontent.com/p/AF1QipNxl7oKWO3gkyMabWX3cGbcmeLPwbVu577p0085=w408-h306-k-no	PANTAI KUANG WAI		4.3	39	Nusa Tenggara Bar.	Kabupaten Lombok Timur	+62 871-9448-84370	Pantai		ChIJY9YCGHtRzC0R7STsmx0JbfI	-8.7655224	116.5219186
https://images.trvl-media.com/lodging/95000000/94870000/94865400/94865321/3e26d593_z.jpg	Bayview Beach Resort East Lombok	US$33	4.6	64	Nusa Tenggara Bar.	Kabupaten Lombok Timur	+62 818-0306-3888	Hotel		ChIJU6SZlts7zC0RgUnmu4iNaLc	-8.4487866	116.6993258
https://lh5.googleusercontent.com/p/AF1QipPBJUkXgKyAADFjyEcwn_wUOursrKmU982JWZNj=w408-h464-k-no	Telindung beach surf poit			0	Nusa Tenggara Bar.	Kabupaten Lombok Timur		Pantai		ChIJtbl9qLxHzC0RArwKzsgZIr0	-8.604433	116.6234803
https://lh5.googleusercontent.com/p/AF1QipMW00ch8cwiDIPESk9X2ucjk97XbXM3-Nqu1AnD=w408-h307-k-no	pantai Bumbang		4	14	Nusa Tenggara Bar.	Kabupaten Lombok Tengah		Pantai		ChIJC051Sy0BzS0Ro3oYo6XW_T4	-8.9030374	116.3749693
	Kerang tundung beach		5	2	Nusa Tenggara Bar.	Kabupaten Lombok Utara		Pantai		ChIJK-OosA_bzS0R14oLIK2YhPw	-8.3453145	116.1610309
https://lh5.googleusercontent.com/p/AF1QipPYRRzrd3x7Qph_zuXUPR1q0oZCUYCXRWT9eog8=w532-h240-k-no	Pantai Lian		2	2	Nusa Tenggara Bar.	Kabupaten Lombok Timur		Pantai		ChIJJ1jO7FE5zC0RMA3rTeXZwpg	-8.474512	116.6750577
https://lh5.googleusercontent.com/p/AF1QipOmmUfEb9wiCWzutMLD9n6Oyq3xU4LS5NbgdAak=w426-h240-k-no	Pantai Kaliantan		4.5	98	Nusa Tenggara Bar.			Pantai	Pantai terpencil dan indah ini menawarkan berenang, berjemur, menyelam, selancar layang & banyak lagi.	ChIJGbzD0hn_zC0RiuySY9q-PcU	-8.913744	116.4874325
https://lh5.googleusercontent.com/p/AF1QipPhbm0jBN-HxTlyLgGJNjEBeWANKI2rXkHg_8Pg=w408-h306-k-no	Pantai Kuta Mandalika		4.5	203	Nusa Tenggara Bar.	Kabupaten Lombok Tengah		Pantai		ChIJgYhZ4i6pzS0RLbybwF4u1Oo	-8.8953205	116.2830603
https://lh5.googleusercontent.com/p/AF1QipNwA7cZ_UZxN5NIMx4BxxKOjzApiu6PE7W09jm1=w426-h240-k-no	Pantai Purwakarya		3.2	6	Nusa Tenggara Bar.	Kabupaten Lombok Timur	+62 823-9957-047	Pantai		ChIJixxHnmg9zC0RQ-gqd-pKngU	-8.4170257	116.7106286
https://lh5.googleusercontent.com/p/AF1QipMpFDd6hVWH29fi-pcFpzGdFxbQ4FnI4DOkGlia=w408-h306-k-no	Ekas Beach Residence		4.4	19	Nusa Tenggara Bar.	Kuwang Rundung	+62 822-3705-9127	Pantai		ChIJC1XDoJb_zC0R8YccWyazaeM	-8.898961	116.449033
https://lh5.googleusercontent.com/p/AF1QipNbAa-tgCkqOeEGJXVJNu0-g3nOnygNzmO8poW7=w408-h306-k-no	Pantai Gili lampu		4.2	97	Nusa Tenggara Bar.	Kabupaten Lombok Timur		Pantai		ChIJD7GpaqU9zC0RUp9KUXcOB1Q	-8.4146496	116.7102705
https://lh5.googleusercontent.com/p/AF1QipPtj03z4Qf3AcWOYkZkt1tyP5B80_cfWSuo7czW=w408-h306-k-no	Pantai Penyisok		4.5	177	Nusa Tenggara Bar.	Kabupaten Lombok Timur		Pantai		ChIJl35LtOv4zC0R6Tjwd_G3li4	-8.8996192	116.5405961
https://lh5.googleusercontent.com/p/AF1QipNPnKFjZ47i2WVZX2twVcPDCcQFrukrlwXtuL2U=w408-h306-k-no	Pantai Kondo		4.6	125	West Nusa Tenggara	East Lombok Regency		Tourist attraction		ChIJp_eLNic9zC0RgMacWXIORFo	-8.4278504	116.7091923
https://lh5.googleusercontent.com/p/AF1QipMqogulG6JtKcMVdQbUA3PDgiQtTkHb7UiblwGQ=w408-h306-k-no	Lancing Beach		4.6	59	Bali			Pantai		ChIJcewIoYqnzS0Rfvb3ZCclxh0	-8.901062	116.205559
https://lh5.googleusercontent.com/p/AF1QipPnDIxtLAYj7pw78xKCpub0W2fPjt5LzsIaLeyz=w408-h544-k-no	Wisata gunung malang		4.3	12	West Nusa Tenggara	East Lombok Regency		Tourist attraction		ChIJRyg_mGM7zC0Rhz8sB5nzHJ4	-8.452804	116.6954091
https://lh5.googleusercontent.com/p/AF1QipPP5tJJYksQZgmATiIbwZCkt9QI8J6OqGJNB2XA=w408-h302-k-no	Kondo villa hotel & Restaurant	$21	4.4	19	West Nusa Tenggara	East Lombok Regency	+62 852-3946-9504	Hotel		ChIJ7aUqn7Y9zC0RBm27TGbCRqk	-8.4168311	116.7089944
https://lh5.googleusercontent.com/p/AF1QipPEqV3XwEMAx-dot4xkqQ-exTYdTfarKC1EniYZ=w408-h270-k-no	Pantai Lancing		4.5	118	Nusa Tenggara Bar.	Kabupaten Lombok Timur		Pantai		ChIJ33qrU_WnzS0RDsm7lC6Kw9s	-8.9006882	116.2070408
https://lh5.googleusercontent.com/p/AF1QipOSvHv6i_XFwWDJ0OVM7k5eqwOLxISpxY7s8hOe=w408-h544-k-no	Taman Wisata Pantai Pidana		4.1	134	West Nusa Tenggara	East Lombok Regency		Amusement park		ChIJWxac4vU5zC0Rt9eoLQXsIXc	-8.4725543	116.6768827
https://lh5.googleusercontent.com/p/AF1QipNqrc7oTWV6HEL41Ktnn0hTK5dvMqRx1el4lBjk=w408-h306-k-no	Batu Bereng Beach, Tampah		4.5	15	Nusa Tenggara Bar.	Kabupaten Lombok Tengah		Pantai		ChIJaymdMBsIzS0R0CEhwguJA1Q	-8.907066	116.217921
https://lh5.googleusercontent.com/p/AF1QipMRh1eIYQHTyCj3l-3gfbqXVeg0iKhagM2AZxdF=w408-h256-k-no	Bidara Cottages		4.4	184	West Nusa Tenggara	East Lombok Regency	+62 819-9764-5318	Hotel		ChIJHQOXeoQ8zC0RyxbnCBhWixE	-8.4159094	116.70903
https://lh5.googleusercontent.com/p/AF1QipPWT3dZ2gpUFaJQyOLg0J64EmtHrrQHWlzR0e7u=w408-h306-k-no	Pantai Kuta		4.6	177	Nusa Tenggara Bar.	Kabupaten Lombok Tengah		Pantai		ChIJVVVVVcmpzS0RHrXZYPTIwUY	-8.8948796	116.2832263
https://lh5.googleusercontent.com/p/AF1QipNZofFHCRRyufUY-CoSq3WkllcuhLD38B-eC_XH=w408-h408-k-no	Pantai Ampenan		4.2	2416	Nusa Tenggara Bar.	Kota Mataram		Pantai		ChIJ0RPfQmjAzS0RKkCks0rwu9k	-8.5693547	116.0719274
https://lh5.googleusercontent.com/p/AF1QipMFLq-o5O0OlUnQgbztuKNERevEv9Ag45ar6b6H=w408-h306-k-no	Telawas Beach		4.5	190	Nusa Tenggara Bar.	Kabupaten Lombok Tengah		Pantai		ChIJgQZX_GenzS0RJV-UC9lPJhk	-8.8953967	116.1620639
https://lh5.googleusercontent.com/p/AF1QipMHFVlOEm62HhXkinzSPbDYVgBS5T7hgqzsH2Bw=w520-h240-k-no	Selong Belanak HILLS by WOBO		4.5	4	Nusa Tenggara Bar.	Kabupaten Lombok Tengah		Pantai		ChIJlS4pIhKnzS0Rt0mVjCx1zFY	-8.8790847	116.169763
https://lh5.googleusercontent.com/p/AF1QipOw4GDfgSx-y-UjUdASP4_ao_km8qLDalHUJV6V=w408-h240-k-no	East Lombok Ecotours		5	1	West Nusa Tenggara	East Lombok Regency	+62 821-4682-3359	Tour operator		ChIJpewHxqg9zC0RIxM_kDJ2D0k	-8.4157396	116.7100397
https://lh5.googleusercontent.com/p/AF1QipOmVL8thC2EgA6_iNOY1f2fbbKHZs3eW7385zfb=w408-h306-k-no	Pelican Beach Lombok		4.3	20	Nusa Tenggara Bar.	Kabupaten Lombok Barat		Pantai		ChIJV8xsjGKfzS0RrSngnDtvGLw	-8.8610625	116.0401875
https://lh5.googleusercontent.com/p/AF1QipO2L_huJ-6Imjcou0gktDD5PIwP8FDZ5XRpHsLW=w408-h306-k-no	Tebuak Beach		4.3	21	Nusa Tenggara Bar.	Kabupaten Lombok Tengah		Tujuan Wisata		ChIJOQ49gAMHzS0RFLF-iOVhixs	-8.9036875	116.2526094
https://lh5.googleusercontent.com/p/AF1QipOADNWFZVJfsierZcPUAIcTDMIbryf6tgYmMJD_=w426-h240-k-no	Big Tree Sambelia		4.4	717	West Nusa Tenggara	East Lombok Regency		Tourist attraction		ChIJNb0cXGY5zC0RGttc5RqBieg	-8.4729705	116.6748121
https://lh5.googleusercontent.com/p/AF1QipOpeBxFDZnjt9gK7URHku82Ka886hBhQHL1wNHA=w408-h544-k-no	Cris beach		4.9	17	Nusa Tenggara Bar.	Kabupaten Lombok Barat		Tujuan Wisata		ChIJxQo6nf-hzS0RuUV-IYbRKxk	-8.8718972	116.0924254
https://lh5.googleusercontent.com/p/AF1QipNO92uP96b-4_m4GYUczVK3apicLeob2OVZMXyC=w425-h240-k-no	Pantai Pundewa		4.4	46	Nusa Tenggara Bar.	Kabupaten Lombok Utara		Pantai		ChIJeWHE2UfczS0R9tLyPacTs3w	-8.3682609	116.1007389
https://lh5.googleusercontent.com/p/AF1QipMgz-8-zMnORP8lDVPZsgMW9rS1Ci7yXNxzdPrl=w408-h306-k-no	East Lombok Dive Hotel	$24	4.2	102	West Nusa Tenggara	East Lombok Regency	+62 877-7964-2092	Hotel		ChIJe9jnUi87zC0RiQY7UxnEaDY	-8.4591662	116.6893215
https://lh5.googleusercontent.com/p/AF1QipODY__EewlVwptnzGvB7YHwqEcenzGFiShOpAR2=w426-h240-k-no	Pantai Bintaro		4	72	Nusa Tenggara Bar.	Kota Mataram		Pantai		ChIJZ731TE_AzS0RG-fMa9aIBs0	-8.5581809	116.0711196
https://lh5.googleusercontent.com/p/AF1QipODszQ1H9RQ_6bivV394feMS_ybAkPdRSPzk62T=w408-h422-k-no	SAKAYA LOMBOK MARINA		4	1	Nusa Tenggara Bar.	Kabupaten Lombok Utara	+62 887-8799-99798	Restoran		ChIJT3BDdavCzS0Rby9YoFSeLtc	-8.4328723	116.0458946
https://lh5.googleusercontent.com/p/AF1QipNszMQU2p8cupAV3BYH-q1vSKG6Ld8POSE5J6jv=w408-h408-k-no	Mawun beach		4.5	266	Nusa Tenggara Bar.	Kabupaten Lombok Tengah		Tujuan Wisata		ChIJDXdq3WIJzS0Rke5Utbh6VPc	-8.8997873	116.2298428
https://lh5.googleusercontent.com/p/AF1QipNcRr5SToog4ainjNeLOx6pE_oK7FTJe83fxA-i=w408-h274-k-no	Pantai Mawi		4.4	357	Nusa Tenggara Bar.	Kabupaten Lombok Tengah		Pantai	Pantai terpencil berlatar bukit berhutan, terkenal dengan ombak bergelombang dan selancar ombak.	ChIJVVVVVQWxzS0RHWqbqOh71Cs	-8.8833321	116.1599634
https://lh5.googleusercontent.com/p/AF1QipNiP-eDUSI0kvTuUjPwstrhkzwVGq0IPS2PGwvu=w408-h306-k-no	Pantai Tomang-Omang		4.3	50	Nusa Tenggara Bar.	Kabupaten Lombok Tengah		Pantai		ChIJp0et5NimzS0RYm0PXDcNlog	-8.8628322	116.151456
https://lh5.googleusercontent.com/p/AF1QipP0Y0V5WX4wH53iM9LnyZp_u90bduQ72SWcmx8v=w408-h306-k-no	Panggang Beach		4.4	40	Nusa Tenggara Bar.	Kabupaten Lombok Barat		Pantai		ChIJhX9695WfzS0RnsPw2t5hD4Q	-8.8907659	116.0179636
https://lh5.googleusercontent.com/p/AF1QipPmGksJRbpdsMmPZpbfr2a6-MQF2SzbeWn6x3nm=w408-h306-k-no	Pantai Nambung		4.5	123	Nusa Tenggara Bar.	Kabupaten Lombok Tengah		Pantai		ChIJJ5EJ-sehzS0R5UufSoWS8pA	-8.8691785	116.1038278
https://lh5.googleusercontent.com/p/AF1QipPh5FLbmGh4A5vUNF3Gcp-bqyBEhXhzh6DWw100=w628-h240-k-no	Pantai TRANSAT		4.6	32	Nusa Tenggara Bar.	Kabupaten Lombok Barat		Pantai		ChIJqVNiQAGhzS0RKJ4x9Ov2O2g	-8.870209	116.0997112
https://lh5.googleusercontent.com/p/AF1QipMZBF8s0Z_T6qJXJ46AtNK2EXvX0xK_WsoxHpHJ=w408-h306-k-no	Malibu Beach 2		4.6	52	Nusa Tenggara Bar.			Pantai		ChIJc7FoKQPozS0RuEElKufBiNw	-8.4411955	116.0385258
https://lh5.googleusercontent.com/p/AF1QipOaGTYZjZRJ66u1IGnIk6Jafthd5L1VJ_mQ5mX7=w426-h240-k-no	Pantai Lendang Luar		4.4	25	Nusa Tenggara Bar.	Kabupaten Lombok Utara		Pantai		ChIJ7VdPsCbozS0Ru3gaR5bv6Sk	-8.4566656	116.036335
	The Blue Room Beach Club			0	Nusa Tenggara Bar.	Kabupaten Lombok Barat		Pantai		ChIJAxBQztXpzS0RrYwKC8sHcEw	-8.4752831	116.0389444
https://lh5.googleusercontent.com/p/AF1QipOrbqtHvgrtZ7SeaELQkxsPLMQuLakXkefrIWjU=w408-h306-k-no	Klui Beach - Private Property of Budianto Family		4.4	179	Nusa Tenggara Bar.	Kabupaten Lombok Utara	+62 813-1509-1431	Pantai		ChIJmcIEXinozS0R2sz1J55bFcM	-8.4658646	116.0369244